# Hostname exactly matches does.dc.gov,,
# Start date: 20250916,,
# End date: 20251216,,
,,
Page title and screen class,Page path and screen class,Views
| DC Infrastructure Academy,/service/dc-infrastructure-academy,1
| does,/,77047
| does,//checkout/,5
| does,/am,16
| does,/es,16
| does,/fr,8
| does,/index.php,1
| does,/node,7254
| does,/node/,2
| Page 19 | does,/es/node,4
| Page 6 | does,/am/node,2
"1015 Half Street, SE, 9th Floor | does",/address/1015-half-street-se-9th-floor,4
"1800 Martin Luther King Jr. Avenue, SE | does",/address/1800-martin-luther-king-jr-avenue-se,14
"1800 Martin Luther King Jr. Avenue, SE | does",/am/node/1582481,1
2007-2011 District of Columbia Annual Economic Report | does,/page/2007-2011-district-columbia-annual-economic-report,5
2012 Quarterly Data | does,/node/600722,1
2013 Quarterly Data | does,/node/827612,5
2014 Quarterly Data | does,/page/2014-quarterly-data,2
2015 Quarterly Data | does,/page/2015-quarterly-data,2
2016 Quarter Data | does,/page/2016-quarter-data,4
2017 Articles | does,/node/1493501,1
2017 Articles | does,/page/2017-articles,5
2017 Quarterly Data | does,/page/2017-quarterly-data,1
2018 Articles | does,/node/1493506,1
2018 Articles | does,/page/2018-articles,3
2018 MBSYEP Report | does,/node/1389361,5
2018 MBSYEP Report | does,/publication/2018-mbsyep-report,1
2018 Quarterly Data | does,/page/2018-quarterly-data,1
2019 Articles | does,/node/1493511,1
2019 Articles | does,/page/2019-articles,5
2019 Quarterly Data | does,/page/2019-quarterly-data,1
2020 Articles | does,/node/1493726,1
2020 Articles | does,/page/2020-articles,9
2020 Quarterly Data | does,/node/1495726,1
2021 OWC Forms | does,/publication/2021-owc-forms,19
2021 Quarterly Data | does,/publication/2021-quarterly-data,1
2022 Food Truck Menus | does,/page/2022-food-truck-menus,4
2022 Living Wage Documents | does,/publication/2022-living-wage-documents,2
2022 Quarterly Data | does,/publication/2022-quarterly-data,1
2022 RFA - Division of State Initiatives Job Readiness Training | does,/node/1636146,6
2022 RFA - Division of State Initiatives Job Readiness Training | does,/publication/2022-rfa-division-state-initiatives-job-readiness-training,6
"2022, 2023, 2024 and 2025 Documents | does",/publication/2022-2023-2024-and-2025-documents,2
2023 Quarterly Data | does,/publication/2023-quarterly-data,1
2023 RFA - Out-of-School Youth Focused Apprenticeship Program | does,/publication/2023-rfa-out-school-youth-focused-apprenticeship-program,5
2023 RFA - Workforce Expansion Initiative - Teacher Externship Program | does,/publication/2023-rfa-workforce-expansion-initiative-teacher-externship-program,1
2023 RFA - Workforce Expansion Initiative - Teacher Externship Program | does,/publication/2023-rfa-workforce-expansion-initiative-teacher-externship-program-0,1
2024 Quarterly Data | does,/page/2024-quarterly-data,17
2024-2025 High School Internship Program Applications Launches Today in the District | does,/release/2024-2025-high-school-internship-program-applications-launches-today-district,9
2025 Bring Your Kid to Work Day | does,/publication/2025-bring-your-kid-work-day,14
2025 Documents | does,/publication/2025-documents,47
2025 Documents Part 2 | does,/publication/2025-documents-part-2,32
2025 Quarterly Data | does,/publication/2025-quarterly-data,9
"4058 Minnesota Avenue, NE | does",/address/4058-minnesota-avenue-ne,404
"441 4th Street, NW | does",/address/441-4th-street-nw,12
“Topping Out” Ceremony Marks Important Step for DC Infrastructure Academy Training Facility | does,/release/“topping-out”-ceremony-marks-important-step-dc-infrastructure-academy-training-facility,64
About DOES | does,/am/page/about-does,4
About DOES | does,/page/about-does,969
About DOES | does,/page/about-does/,1
About Project Empowerment | does,/am/page/about-project-empowerment,17
About Project Empowerment | does,/page/about-project-empowerment,443
About the DC Office of Paid Family Leave | does,/page/about-dc-office-paid-family-leave,596
Acts/Laws enforced by the Office of Wage-Hour | does,/page/actslaws-enforced-office-wage-hour,692
Additional Veterans Resources | does,/page/additional-veterans-resources,52
Administrative Hearings Division | does,/es/page/administrative-hearings-division_5,1
Administrative Hearings Division | does,/node/178132,72
Administrative Hearings Division | does,/page/administrative-hearings,2
Administrative Hearings Division | does,/page/administrative-hearings-division_5,322
Administrative Hearings Division FAQs | does,/page/administrative-hearings-division-faqs-0,69
Agency Directory | does,/directory/pages/,1
American Job Center | does,/am/service/american-job-center,4
American Job Center | does,/es/service/american-job-center,4
American Job Center | does,/node/107112,207
American Job Center | does,/node/107112/revisions/7027276/view,1
American Job Center | does,/service/American-job-center,1
American Job Center | does,/service/american-job-center,17892
American Job Center Partners | does,/page/american-job-center-partners-0,92
American Job Center Reopens to Aid District Recovery | does,/release/american-job-center-reopens-aid-district-recovery-0,46
American Job Centers- Frequently Asked Questions | does,/am/service/american-job-centers-frequently-asked-questions,2
American Job Centers- Frequently Asked Questions | does,/es/service/american-job-centers-frequently-asked-questions,3
American Job Centers- Frequently Asked Questions | does,/service/american-job-centers-frequently-asked-questions,221
Amharic (አማርኛ) | does,/page/amharic-አማርኛ,92
Annual Data 2010-2016 | does,/page/annual-data-2010-2016,2
Appeals | does,/am/page/appeals,9
Appeals | does,/fr/page/appeals,2
Appeals | does,/page/appeals,358
Application for Formal Hearing | does,/page/application-formal-hearing,25
Application for Informal/Mediation Conference | does,/publication/application-informalmediation-conference,89
Apprenticeship Council | does,/am/service/apprenticeship-council,1
Apprenticeship Council | does,/node/171502/revisions/5431266/view,1
Apprenticeship Council | does,/node/171502/revisions/5813376/view,1
Apprenticeship Council | does,/node/171502/revisions/7157901/view,1
Apprenticeship Council | does,/service/apprenticeship-council,205
Apprenticeship DC | does,/es/node/1296766,4
Apprenticeship DC | does,/service/apprenticeship-dc,475
Apprenticeship Regulations | does,/am/service/apprenticeship-regulations,5
Apprenticeship Regulations | does,/es/service/apprenticeship-regulations,3
Apprenticeship Regulations | does,/service/apprenticeship-regulations,97
Apprenticeship Sponsors | does,/am/service/apprenticeship-sponsors,7
Apprenticeship Sponsors | does,/service/apprenticeship-sponsors,173
Apprenticeships | does,/am/service/apprenticeships,22
Apprenticeships | does,/es/service/apprenticeships,18
Apprenticeships | does,/service/apprenticeships,5657
Apprenticeships | does,/service/apprenticeships/,4
Arlen Herrell | does,/biography/arlen-herrell,246
Articles | does,/fr/page/articles,7
Articles | does,/page/articles,4510
Articles | does,/page/featured-news,1
ATTENTION ALL FILERS | does,/page/attention-all-filers,5
Basic Apprenticeship Standards | does,/page/basic-apprenticeship-standards,175
Become an Apprenticeship Sponsor | does,/page/become-apprenticeship-sponsor,81
Benefit Accuracy Measurement | does,/BAM,1
Benefit Accuracy Measurement | does,/es/page/benefit-accuracy-measurement,4
Benefit Accuracy Measurement | does,/fr/page/benefit-accuracy-measurement,1
Benefit Accuracy Measurement | does,/page/benefit-accuracy-measurement,473
Bill of Rights | does,/page/bill-rights,71
"Bowser Administration Celebrates Apprenticeship Signing Day, Inspired by Obama’s Reach Higher | does",/release/bowser-administration-celebrates-apprenticeship-signing-day-inspired-obama’s-reach-higher,3
Bowser Administration Celebrates First Apprentices in New Teacher Training Program | does,/node/1738991,2
Bowser Administration Celebrates First Apprentices in New Teacher Training Program | does,/release/bowser-administration-celebrates-first-apprentices-new-teacher-training-program,1
Bowser Administration Celebrates Youth on First Day of the 2022 Marion S. Barry Summer Youth Employment Program | does,/release/bowser-administration-celebrates-youth- first day -2022-marion-s-barry-summer-youth,2
Bowser Administration Graduates Newest Class of Comp TIA A+ Professionals at DC Infrastructure Academy  | does,/release/bowser-administration-graduates-newest-class-comp-tia-professionals-dc-infrastructure,3
Bowser Administration Highlights Women In Infrastructure  | does,/release/bowser-administration-highlights-women-infrastructure ,4
Bowser Administration Hosts Career Expo for 2022 Mayor Marion S. Barry Summer Youth Employment Program Participants | does,/release/bowser-administration-hosts-career-expo-2022-mayor-marion-s-barry-summer-youth-employment,4
Bowser Administration Hosts Hack-A-Thon Policy Forum and Connects DC Residents to Comeback Opportunities at Second Chance Month Hiring Fair | does,/release/bowser-administration-hosts-hack-thon-policy-forum-and-connects-dc-residents-comeback,3
Bowser Administration Kicks Off DC Youth Apprenticeship Awareness Week with Signing Day | does,/release/bowser-administration-kicks-dc-youth-apprenticeship-awareness-week-signing-day,2
Bowser Administration Kicks Off DC Youth Apprenticeship Week with Michelle Obama-Inspired Signing Day   | does,/release/bowser-administration-kicks-dc-youth-apprenticeship-week-michelle-obama-inspired-signing-day,2
Bowser Administration to Host Michelle Obama-Inspired Signing Day to Kick Off DC Youth Apprenticeship Week | does,/release/bowser-administration-host-michelle-obama-inspired-signing-day-kick-dc-youth-apprenticeship,1
Career Ready Early Scholars Program | does,/page/career-ready-early-scholars-program-0_2,429
CARES Act Extensions Available for DC Workers | does,/release/cares-act-extensions-available-dc-workers,76
Certified Nursing Aide | does,/es/node/1745106,1
Certified Nursing Aide | does,/node/1745106,64
Certified Nursing Aide | does,/page/certified-nursing-aide,226
Chinese (中文) | does,/page/DOES-chinese-中文-1,25
Chinese (中文) | does,/page/does-chinese-中文-1,1
Common Mistakes Made By UI Claimants | does,/page/common-mistakes-made-ui-claimants,557
Community Health Worker | does,/node/1745136,70
Community Health Worker | does,/page/community-health-worker,429
Compensation Review Board | does,/am/page/compensation-review-board,4
Compensation Review Board | does,/es/page/compensation-review-board,1
Compensation Review Board | does,/fr/page/compensation-review-board,1
Compensation Review Board | does,/node/155822,1
Compensation Review Board | does,/page/compensation-review-board,232
Complaints Information | does,/service/complaints-information,95
Conozca Su Centro Americano de Trabajo (Orientación)  | does,/page/conozca-su-centro-americano-de-trabajo-orientación ,20
Contact Agency Directors | does,/page/contact-agency-directors,30
Contact the Benefit Accuracy Measurement Program | does,/page/contact-benefit-accuracy-measurement-program,12
Covered Employment and Wages 2009 Quarterly Data | does,/node/189632,4
Covered Employment and Wages 2010 Quarterly Data | does,/node/189612,5
Covered Employment and Wages 2011 Quarterly Data | does,/node/189602,1
Covered Employment and Wages Archive | does,/node/184642,4
Covered Employment and Wages Archive | does,/page/covered-employment-and-wages-archive,33
CRB Electronic Filing Information Page | does,/page/crb-electronic-filing-information-page,44
Credit Workshop | does,/page/credit-workshop,14
D.C. Department of Employment Services Announces Major Changes to Unemployment Insurance Programs and Services | does,/release/dc-department-employment-services-announces-major-changes-unemployment-insurance-programs,10
D.C. Department of Employment Services Opens Registration for Second Annual School Year Internship Program | does,/release/dc-department-employment-services-opens-registration-second-annual-school-year-internship,4
"D.C. Minimum Wage to Increase to $15.20 on July 1, 2021  | does",/release/dc-minimum-wage-increase-1520-july-1-2021 ,44
D.C. Worker Labor and Anti-Discrimination Rights | does,/fr/node/1631731,99
D.C. Worker Labor and Anti-Discrimination Rights | does,/node/1631731,3
D.C. Worker Labor and Anti-Discrimination Rights | does,/page/dc-worker-labor-and-anti-discrimination-rights,347
D.C. Worker Labor and Anti-Discrimination Rights | does,/service/dc-worker-labor-and-anti-discrimination-rights,486
DataWorks Project | does,/node/1503766,1
DataWorks Project | does,/page/dataworks-project,15
DC Alliance for Healthcare Careers (DCAHC) | does,/es/node/1745321,9
DC Alliance for Healthcare Careers (DCAHC) | does,/node/1745321,1
DC Alliance for Healthcare Careers (DCAHC) | does,/service/dc-alliance-healthcare-careers-dcahc,794
DC Announces 2025 Proposed Health Insurance Rates | does,/release/dc-announces-2025-proposed-health-insurance-rates,3
DC Apprenticeship Council - Agendas and Meeting Minutes | does,/page/dc-apprenticeship-council-agendas-and-meeting-minutes,55
DC Apprenticeship Council - Agendas and Meeting Minutes | does,/page/dc-apprenticeship-council-meeting-minutes,1
DC Apprenticeship Council Meeting Archive | does,/page/dc-apprenticeship-council-meeting-archive,7
DC Commission on Poverty | does,/service/dc-commission-poverty,319
DC Department of Employment Services Director Dr. Unique Morris-Hughes to Address UI Fraud Attempts | does,/release/dc-department-employment-services-director-dr-unique-morris-hughes-address-ui-fraud-attempts,2
DC Department of Employment Services Launches Modernized Website | does,/release/dc-department-employment-services-launches-modernized-website,6
DC Government & Private Sector Unite for the Region's Largest Event to Empower Impacted Federal Workers | does,/node/1771526,5
DC Government & Private Sector Unite for the Region's Largest Event to Empower Impacted Federal Workers | does,/release/dc-government-private-sector-unite-regions-largest-event-empower-impacted-federal-workers,6
DC Monthly Labor Market Indicators | does,/page/dc-monthly-labor-market-indicators,79
DC Paid Family Leave | does,/PAGE/DC-PAID-FAMILY-LEAVE,1
DC Paid Family Leave | does,/am/node/1302076,3
DC Paid Family Leave | does,/es/node/1302076,1
DC Paid Family Leave | does,/page/dc-paid-family-leave,25551
DC Paid Family Leave | does,/page/dc-paid-family-leave+,2
DC Paid Family Leave | does,/page/dc-paid-family-leave/,12
DC Paid Family Leave | does,/page/district-columbia-paid-family-leave,1
"DC Public Schools Will Be Closed on Friday, January 7, DC Government to Open at 11:00 a.m. | does",/release/dc-public-schools-will-be-closed-friday-january-7-dc-government-open-1100-am,3
DC Summer Youth Employment Closeout Celebrates 46 Years of Preparing Next Generation for Career Success | does,/release/dc-summer-youth-employment-closeout-celebrates-46-years-preparing-next-generation-career,24
DC Unemployment Rate at 7.8 Percent in March | does,/release/dc-unemployment-rate-78-percent-march-0,1
DC’s New $1.2M Program Aims to Close the Tech Talent Gap | does,/node/1750361,3
DC’s New $1.2M Program Aims to Close the Tech Talent Gap | does,/release/dc’s-new-12m-program-aims-close-tech-talent-gap,14
DCAHC - Vision | does,/es/node/1745056,1
DCAHC - Vision | does,/node/1745056,5
DCAHC - Vision | does,/page/dcahc-vision,61
DCIA Spotlight | does,/page/dcia-spotlight,21
Department of Employment Services Announces $1.2 Million Investment into New Capital Workforce Innovation Consortium | does,/release/department-employment-services-announces-12-million-investment-new-capital-workforce,18
Department of Employment Services Announces New Unemployment Insurance Benefits System | does,/release/department-employment-services-announces-new-unemployment-insurance-benefits-system,22
Department of Employment Services Awards Nearly $170K in Scholarships to Summer Youth Program Participants | does,/release/department-employment-services-awards-nearly-170k-scholarships-summer-youth-program,1
Department of Employment Services Hosts Two-Day First Source Hiring Event for DC Residents | does,/release/department-employment-services-hosts-two-day-first-source-hiring-event-dc-residents,9
Department of Employment Services Launches Cutting-Edge Unemployment Insurance Benefits System | does,/release/department-employment-services-launches-cutting-edge-unemployment-insurance-benefits-system,6
Department of Employment Services Wraps Up Spring Break Session with Engaging Career and Leadership Activities for District Youth | does,/node/1776626,5
Department of Employment Services Wraps Up Spring Break Session with Engaging Career and Leadership Activities for District Youth | does,/release/department-employment-services-wraps-spring-break-session-engaging-career-and-leadership,1
Dislocated Worker | does,/service/dislocated-worker,125
"District of Columbia and Washington, DC-MD-VA-WV Metropolitan Statistical Area Occupational Wage, May 2012 | does",/node/683112,1
"District of Columbia and Washington, DC-MD-VA-WV Metropolitan Statistical Area Occupational Wage, May 2012 | does",/publication/district-columbia-and-washington-dc-md-va-wv-metropolitan-statistical-area-occupational,1
"District of Columbia April Unemployment Rate Improves to 5.8 Percent, Reflects Job Gains in Hospitality as Tourism and Businesses Return | does",/release/district-columbia-april-unemployment-rate-improves-58-percent-reflects-job-gains-hospitality,1
"District of Columbia Economy Reflects Job Gains, Unemployment Rate at 5.4% in June | does",/release/district-columbia-economy-reflects-job-gains-unemployment-rate-54-june,1
"District of Columbia Economy Reflects Job Growth, Unemployment Rate at 5.6 Percent in March | does",/node/1776561,6
"District of Columbia Economy Reflects Job Growth, Unemployment Rate at 5.6 Percent in March | does",/release/district-columbia-economy-reflects-job-growth-unemployment-rate-56-percent-march,41
District of Columbia Long-Term Industry and Occupational Projections | does,/node/184812,26
District of Columbia Long-Term Industry and Occupational Projections | does,/publication/district-columbia-long-term-industry-and-occupational-projections,72
District of Columbia Releases Findings on September Job Report | does,/release/district-columbia-releases-findings-september-job-report,2
District of Columbia Short-Term Industry and Occupational Projections | does,/node/538102,1
District of Columbia Short-Term Industry and Occupational Projections | does,/page/district-columbia-short-term-industry-and-occupational-projections,17
District of Columbia Unemployment Drops to 5.5% in December as More Residents Secure Jobs | does,/release/district-columbia-unemployment-drops-55-december-more-residents-secure-jobs,90
District of Columbia Unemployment Holds at 5.0 Percent in August | does,/release/district-columbia-unemployment-holds-50-percent-august,1
District of Columbia Unemployment Rate at 5.3 Percent in May | does,/release/district-columbia-unemployment-rate-53-percent-may,1
District of Columbia Unemployment Rate at 5.3% in January | does,/node/1772006,3
District of Columbia Unemployment Rate at 5.3% in January | does,/release/district-columbia-unemployment-rate-53-january,10
District of Columbia Unemployment Rate at 5.4 Percent in February | does,/release/district-columbia-unemployment-rate-54-percent-february,1
District of Columbia Unemployment Rate at 5.5% in July | does,/release/district-columbia-unemployment-rate-55-july,1
District of Columbia Unemployment Rate at 5.7 Percent in May | does,/release/district-columbia-unemployment-rate-57-percent-may,2
District of Columbia Unemployment Rate at 5.7% in August | does,/release/district-columbia-unemployment-rate-57-august,4
District of Columbia Unemployment Rate at 5.7% in October | does,/release/district-columbia-unemployment-rate-57-october,9
District of Columbia Unemployment Rate at 5.7% in September | does,/release/district-columbia-unemployment-rate-57-september,5
District of Columbia Unemployment Rate at 5.8 Percent in April | does,/node/1782336,4
District of Columbia Unemployment Rate at 5.8 Percent in April | does,/release/district-columbia-unemployment-rate-58-percent-april,10
District of Columbia Unemployment Rate at 5.9 Percent in May | does,/release/district-columbia-unemployment-rate-59-percent-may,6
District of Columbia Unemployment Rate at 6.0 Percent in August | does,/node/1798846,1
District of Columbia Unemployment Rate at 6.0 Percent in August | does,/release/district-columbia-unemployment-rate-60-percent-august-0,309
District of Columbia Unemployment Rate at 6.0 Percent in July | does,/release/district-columbia-unemployment-rate-60-percent-july,42
District of Columbia Unemployment Rate at 6.0 Percent in March | does,/release/district-columbia-unemployment-rate-60-percent-march,2
District of Columbia Unemployment Rate at 6.0 Percent in November | does,/release/district-columbia-unemployment-rate-60-percent-november,2
District of Columbia Unemployment Rate at 6.2 Percent in September | does,/release/district-columbia-unemployment-rate-62-percent-september,19
District of Columbia Unemployment Rate at 6.3 Percent in January | does,/release/district-columbia-unemployment-rate-63-percent-january,1
District of Columbia Unemployment Rate at 7.0 Percent in June | does,/release/district-columbia-unemployment-rate-70-percent-june,1
District of Columbia Unemployment Rate at 7.5 Percent in April | does,/release/district-columbia-unemployment-rate-75-percent-april,1
District of Columbia Unemployment Rate at 8.1 Percent in February | does,/release/district-columbia-unemployment-rate-81-percent-february,1
District of Columbia Unemployment Rate at 8.4 Percent in January | does,/release/district-columbia-unemployment-rate-84-percent-january,1
"District of Columbia Unemployment Rate Drops to 5.6% in November, Reflecting Continued Economic Progress | does",/release/district-columbia-unemployment-rate-drops-56-november-reflecting-continued-economic-progress,4
District of Columbia Unemployment Rate Firm at 5.0 Percent in July | does,/release/district-columbia-unemployment-rate-firm-50-percent-july,1
District of Columbia Unemployment Rate Holds at 5.0 Percent in October | does,/release/district-columbia-unemployment-rate-holds-50-percent-october,1
District of Columbia Unemployment Rate Holds Steady at 5.2% in April | does,/release/district-columbia-unemployment-rate-holds-steady-52-april,1
District of Columbia Unemployment Rate Improves to 4.7 Percent in September | does,/release/district-columbia-unemployment-rate-improves-47-percent-september,1
District of Columbia Unemployment Rate Improves to 6.1 Percent in February | does,/node/1589376,5
District of Columbia Unemployment Rate Improves to 6.1 Percent in February | does,/release/district-columbia-unemployment-rate-improves-61-percent-february,1
District of Columbia Unemployment Rate Sits at 5.1 Percent in December | does,/release/district-columbia-unemployment-rate-sits-51-percent-december,1
District of Columbia Unemployment Rate steadies at 5.9 Percent in June | does,/release/district-columbia-unemployment-rate-steadies-59-percent-june,22
District of Columbia Unemployment Rate Steady at 4.8 Percent in October | does,/release/district-columbia-unemployment-rate-steady-48-percent-october,1
"District of Columbia, Employment Services Agency Celebrate DC Apprenticeship Week | does",/release/district-columbia-employment-services-agency-celebrate-dc-apprenticeship-week,7
Division of State Initiatives Partnerships | does,/service/division-state-initiatives-partnerships,400
DOB Alert | does,/alert/dob-alert-closure,1
DOES & RAMW Team Up to Host Hiring Fair for District Residents | does,/release/does-ramw-team-host-hiring-fair-district-residents,23
DOES 2018 Program Guide | does,/page/does-2018-program-guide,6
DOES Alert | does,/alert/dc-does-alert,2
DOES Alert | does,/alert/does-alert,15
DOES Alert | does,/alert/does-alert-0,2
DOES Alert | does,/node/1574546/revisions/7186486/view,1
DOES and OCTO Announce New Paid Internship Program for DCIA Graduates | does,/release/does-and-octo-announce-new-paid-internship-program-dcia-graduates,25
DOES and OCTO Announce New Paid Internship Program for DCIA Graduates | does,/release/does-and-octo-announce-new-paid-internship-program-dcia-graduates-one,6
DOES Annual Report | does,/node/1316076,8
DOES Annual Report | does,/publication/does-annual-report,3
DOES Annual Report FY 2018 | does,/publication/does-annual-report-fy-2018,2
DOES Customer Service Reports | does,/page/does-customer-service-reports,73
DOES Data & Performance | does,/featured-content/does-data-performance,1
DOES Data & Performance | does,/page/does-data-performance,607
DOES Director Dr. Unique Morris-Hughes Visits Miller and Long Jobsite to Promote Veterans in the Workforce | does,/release/does-director-dr-unique-morris-hughes-visits-miller-and-long-jobsite-promote-veterans,1
DOES Director Unique Morris-Hughes Visits MBSYEP Employer | does,/release/does-director-unique-morris-hughes-visits-mbsyep-employer,1
DOES Executive Team Biographies | does,/am/node/1411226,6
DOES Executive Team Biographies | does,/es/node/1411226,5
DOES Executive Team Biographies | does,/page/does-executive-team-biographies,978
DOES Footer | does,/system-use/does-footer,1
DOES Header | does,/system-use/does-header,2
DOES Launches 45th Year of Iconic Mayor Marion S. Barry Summer Youth Employment Program | does,/release/does-launches-45th-year-iconic-mayor-marion-s-barry-summer-youth-employment-program,3
DOES Launches Applications for Career-Ready Early Scholar Program | does,/release/does-launches-applications-career-ready-early-scholar-program,2
DOES Organizational Chart | does,/am/node/1431816,1
DOES Organizational Chart | does,/es/node/1431816,5
DOES Organizational Chart | does,/page/does-organizational-chart,681
DOES Outreach Strategic Plan | does,/page/does-outreach-strategic-plan,6
DOES OYP Career Opportunities | does,/page/career-opportunities-01,356
DOES Spanish | does,/es/node/1349186,1
DOES Spanish | does,/page/does-spanish,15
DOES Talent Forward DC- Annual Economic and Workforce Report FY2020 | does,/publication/does-talent-forward-dc-annual-economic-and-workforce-report-fy2020,2
Domestic Worker Employment Rights | does,/service/domestic-worker-employment-rights,672
Dr. Unique N. Morris-Hughes | does,/am/biography/dr-unique-n-morris-hughes,5
Dr. Unique N. Morris-Hughes | does,/biography/dr-unique-n-morris-hughes,977
Dr. Unique N. Morris-Hughes | does,/es/biography/dr-unique-n-morris-hughes,1
drui_footer_prod | does,/drui_footer_prod,3
drui_header_prod | does,/drui_header_prod,5
East of the River Career Pathway Program | does,/page/east-river-career-pathway-program,38
"Educational Attainment of People Working in the District of Columbia by Occupation, September 2013 | does",/node/714272,1
"Educational Attainment of People Working in the District of Columbia by Occupation, September 2013 | does",/publication/educational-attainment-people-working-district-columbia-occupation-september-2013,1
Effective Job Search Methods Workshop | does,/page/effective-job-search-methods-workshop,8
Eligible Training Provider List (ETPL) | does,/am/node/1259796,14
Eligible Training Provider List (ETPL) | does,/page/eligible-training-provider-list-etpl,327
Employee Rights and Obligations Information Sheet | does,/node/183312,6
Employee Rights and Obligations Information Sheet | does,/publication/employee-rights-and-obligations-information-sheet,154
Employer Account Questions | does,/am/service/employer-account-questions,18
Employer Account Questions | does,/es/service/employer-account-questions,3
Employer Account Questions | does,/service/employer-account-questions,494
Employer Services | does,/fr/service/employer-services,4
Employer Services | does,/service/employer-services,257
Employer Tax Information - Unemployment Insurance | does,/am/service/employer-tax-information-unemployment-insurance,1
Employer Tax Information - Unemployment Insurance | does,/fr/service/employer-tax-information-unemployment-insurance,7
Employer Tax Information - Unemployment Insurance | does,/node/156872,31
Employer Tax Information - Unemployment Insurance | does,/service/employer-tax-information-unemployment-insurance,1142
Employment Guidebooks | does,/node/184772,1
Employment Guidebooks | does,/publication/employment-guidebooks,1
Events | does,/calendar/day,3
Events | does,/calendar/day/2025-06-06/DOES-chinese-中文-1,1
Events | does,/calendar/month,2
Events | does,/calendar/month/2022-03,1
Events | does,/calendar/month/2022-03/DOES-chinese-中文-1,2
Events | does,/calendar/month/2022-04,1
Events | does,/calendar/month/2022-12,2
Events | does,/calendar/month/2023-07/constants,1
Events | does,/calendar/month/2023-10/amharic-%25E1%258A%25A0%25E1%2588%259B%25E1%2588%25AD%25E1%258A%259B,1
Events | does,/calendar/month/2023-12,1
Events | does,/calendar/month/2024-03,2
Events | does,/calendar/month/2024-05/metrics/spa/page_view_timing/aggregate,1
Events | does,/calendar/month/2024-07/DOES-chinese-中文-1,4
Events | does,/calendar/month/2024-08,2
Events | does,/calendar/month/2024-08/ajax/spa/page_view_timing/aggregate,1
Events | does,/calendar/month/2024-09/does-korean-한국어-1,1
Events | does,/calendar/month/2024-10/ajax/spa/page_view_timing/aggregate,2
Events | does,/calendar/month/2024-10/does-korean-한국어-1,2
Events | does,/calendar/month/2024-11/ajax/page_action/page_action/page_view_timing/aggregate,1
Events | does,/calendar/month/2024-12/ajax/spa/page_action/session_trace/lib/zlib/constants,1
Events | does,/calendar/month/2024-12/does-korean-한국어-1,1
Events | does,/calendar/month/2025-01/strings,1
Events | does,/calendar/month/2025-02,2
Events | does,/calendar/month/2025-03/does-korean-한국어-1,3
Events | does,/calendar/month/2025-05/does-korean-한국어-1,1
Events | does,/calendar/month/2025-06,3
Events | does,/calendar/month/2025-06/wp-admin/includes,1
Events | does,/calendar/month/2025-07/messages,1
Events | does,/calendar/month/2025-08/ajax/page_view_timing/aggregate,1
Events | does,/calendar/month/2025-09,1
Events | does,/calendar/month/2025-09/wp-admin/includes,1
Events | does,/calendar/month/2025-10,1
Events | does,/calendar/month/2025-10/ajax/ajax/page_action/spa/aggregate,1
Events | does,/calendar/month/2025-10/amharic-%E1%8A%A0%E1%88%9B%E1%88%AD%E1%8A%9B,1
Events | does,/calendar/month/2025-10/gzheader,1
Events | does,/calendar/month/2025-11/inflate,1
Events | does,/calendar/month/2025-11/utils/common,5
Events | does,/calendar/month/2025-12,9
Events | does,/calendar/month/2025-12/metrics/spa/page_action/aggregate,1
Events | does,/calendar/month/2026,1
Events | does,/calendar/month/2026-02,8
Events | does,/calendar/month/2026-03,8
Events | does,/calendar/month/2026-08,5
Events | does,/calendar/month/2026-09,3
Events | does,/calendar/month/2026-09/deflate,3
Events | does,/calendar/month/2027-08/deflate,3
Events | does,/calendar/month/2027-09/inflate,2
Events | does,/calendar/month/2027-11/does-korean-%25ED%2595%259C%25EA%25B5%25AD%25EC%2596%25B4-1,1
Events | does,/calendar/month/2028-08,2
Events | does,/calendar/week/2025-W33,1
Events | does,/calendar/week/2025-W53,1
Events | does,/calendar/year,2
Events | does,/calendar/year/2024/messages,1
Events | does,/calendar/year/2026,8
Events | does,/calendar/year/2027,1
Events | does,/calendar/year/inffast,1
Events | does,/calendar/year/inftrees,5
Events | does,/calendar/year/www.DCNetworks.org,12
Events | does,/calendar/year/www.DCNetworks.org ,1
Events | does,/events,13
Federal American Rescue Plan Further Extends Unemployment Benefits for DC Workers | does,/release/federal-american-rescue-plan-further-extends-unemployment-benefits-dc-workers,6
Federal Government Employees Frequently Asked Questions | does,/es/node/1767356,118
Federal Government Employees Frequently Asked Questions | does,/node/1767356,6
Federal Government Employees Frequently Asked Questions | does,/service/federal-government-employees-frequently-asked-questions,1534
Federal Government Shutdown Frequently Asked Questions | does,/am/node/1682951,2248
Federal Government Shutdown Frequently Asked Questions | does,/es/node/1682951,1
Federal Government Shutdown Frequently Asked Questions | does,/fr/node/1682951,25
Federal Government Shutdown Frequently Asked Questions | does,/page/federal-government-shutdown-frequently-asked-questions,26
Federal Government Shutdown Frequently Asked Questions | does,/service/federal-government-shutdown-frequently-asked-questions,18097
Fedsupport - Citywide | does,/alert/fedsupport-citywide,2
File a Claim | does,/am/page/file-claim,28
File a Claim | does,/es/page/file-claim,17
File a Claim | does,/fr/page/file-claim,5
File a Claim | does,/page/file-claim,47854
Financial Foundation Workshop | does,/page/financial-foundation-workshop,3
Financial Literacy Month | does,/page/financial-literacy-month,4
Financial Literacy Series | does,/page/financial-literacy-series,28
First Source Compliance Semi Annual Reports | does,/page/first-source-compliance-semi-annual-reports,104
First Source Semi- Annual Report | does,/page/first-source-semi-annual-report,6
Foreign Labor Certification | does,/es/page/foreign-labor-certification,1
Foreign Labor Certification | does,/fr/page/foreign-labor-certification,7
Foreign Labor Certification | does,/page/foreign-labor-certification,111
Formación | does,/service/formación,12
French (Français) | does,/es/page/does-french-français-1,1
French (Français) | does,/page/does-french-français-1,35
Frequently Requested Contact Information | does,/am/page/frequently-requested-contact-information,3
Frequently Requested Contact Information | does,/es/page/frequently-requested-contact-information,2
Frequently Requested Contact Information | does,/page/frequently-requested-contact-information,1036
Future State of Data at DOES | does,/node/1503826,4
Future State of Data at DOES | does,/page/future-state-data-does,3
General UI Information | does,/am/page/general-ui-information,9
General UI Information | does,/es/page/general-ui-information,24
General UI Information | does,/node/849242/revisions/5840471/view,1
General UI Information | does,/node/849242/revisions/6309801/view,1
General UI Information | does,/page/general-ui-information,2355
George Washington Health Network - Training Program | does,/am/node/1745146,1
George Washington Health Network - Training Program | does,/es/node/1745146,20
George Washington Health Network - Training Program | does,/node/1745146,523
George Washington Health Network - Training Program | does,/page/george-washington-health-network -training-program,836
Get to Know Your American Job Center (Orientation) | does,/page/get-know-your-american-job-center-orientation,1601
Grant Opportunities | does,/am/node/1263326,9
Grant Opportunities | does,/es/node/1263326,3
Grant Opportunities | does,/fr/node/1263326,2
Grant Opportunities | does,/node/1263326,2
Grant Opportunities | does,/page/grant-opportunities,1161
Growing Labor Force Impacts District of Columbia 5.1 Percent Unemployment Rate in February | does,/release/growing-labor-force-impacts-district-columbia-51-percent-unemployment-rate-february,3
HBCU Public Service Program - Upcoming Events | does,/page/hbcu-public-service-program-upcoming-events,27
Health Careers for DCAHC | does,/es/node/1745331,7
Health Careers for DCAHC | does,/node/1745331,199
Health Careers for DCAHC | does,/service/health-careers-dcahc,829
High School Internship Program | does,/am/service/high-school-internship-program,20
High School Internship Program | does,/es/service/high-school-internship-program,7
High School Internship Program | does,/service/high-school-internship-program,2792
How Does the Benefit Accuracy Measurement Program Involve Claimants? | does,/page/how-does-benefit-accuracy-measurement-program-involve-claimants,76
How Does the Benefit Accuracy Measurement Program Work? | does,/page/how-does-benefit-accuracy-measurement-program-work,56
How to Be an Apprentice | does,/am/service/how-be-apprentice,12
How to Be an Apprentice | does,/fr/service/how-be-apprentice,9
How to Be an Apprentice | does,/service/how-be-apprentice,1467
How to Complete a Job Application on DCNetworks.org | does,/page/how-complete-job-application-dcnetworksorg,285
How to Complete a Job Application Using Indeed.com  | does,/page/how-complete-job-application-using-indeedcom ,159
"How to Submit Layoff, Reduction in Force, or WARNs to the District of Columbia | does",/page/how-submit-layoff-reduction-force-or-warns-district-columbia,167
Howard University - Training Program | does,/es/node/1745161,13
Howard University - Training Program | does,/node/1745161,195
Howard University - Training Program | does,/page/howard-university-training-program,541
HSIP 2025-2026 Youth and Parent Handbook | does,/publication/hsip-2025-2026-youth-and-parent-handbook,60
Iconic DC Summer Youth Employment Program Highlights 45th Year at Closeout | does,/release/iconic-dc-summer-youth-employment-program-highlights-45th-year-closeout,2
Industry Closings and Layoffs WARN Notifications | does,/node/445852,28
Industry Closings and Layoffs WARN Notifications | does,/page/industry-closings-and-layoffs-warn-notifications,131
Industry Closings and Layoffs WARN Notifications | does,/page/industry-closings-and-layoffs-warn-notifications-0,18
Industry Closings and Layoffs WARN Notifications | does,/page/industry-closings-and-layoffs-warn-notifications-closure 2012,12
Industry Closings and Layoffs WARN Notifications | does,/page/industry-closings-and-layoffs-warn-notifications-updated 2013,8
Industry Closings and Layoffs WARN Notifications 2015 | does,/page/industry-closings-and-layoffs-warn-notifications-2015,2
Industry Closings and Layoffs WARN Notifications 2015 | does,/page/industry-closings-and-layoffs-warn-notifications-2015-1,13
Industry Closings and Layoffs WARN Notifications 2016 | does,/page/industry-closings-and-layoffs-warn-notifications-2016,1
Industry Closings and Layoffs WARN Notifications 2016 | does,/page/industry-closings-and-layoffs-warn-notifications-a2016,10
Industry Closings and Layoffs WARN Notifications 2017 | does,/page/industry-closings-and-layoffs-warn-notifications-2017,18
Industry Closings and Layoffs WARN Notifications 2020 | does,/node/1468786,36
Industry Closings and Layoffs WARN Notifications 2020 | does,/page/industry-closings-and-layoffs-warn-notifications-2020,9
Industry Closings and Layoffs WARN Notifications 2021 | does,/node/1523481,5
Industry Closings and Layoffs WARN Notifications 2021 | does,/page/industry-closings-and-layoffs-warn-notifications-2021,46
Industry Closings and Layoffs WARN Notifications 2022 | does,/page/industry-closings-and-layoffs-warn-notifications-2022,45
Industry Closings and Layoffs WARN Notifications 2023 | does,/page/industry-closings-and-layoffs-warn-notifications-2023,86
Industry Closings and Layoffs WARN Notifications 2024 | does,/page/industry-closings-and-layoffs-warn-notifications-2024,296
Industry Closings and Layoffs WARN Notifications 2025 | does,/page/industry-closings-and-layoffs-warn-notifications-2025,3790
Industry Employment Statistics | does,/node/184552,1
Industry Employment Statistics | does,/publication/industry-employment-statistics,5
Insurance Carrier/TPA Services | does,/fr/service/insurance-carriertpa-services,2
Insurance Carrier/TPA Services | does,/service/insurance-carriertpa-services,66
Issue Code 55 | does,/node/1538901,1
Issue Code 55 | does,/page/issue-code-55,79
Jason Washington | does,/biography/jason-washington,178
jennifer.shapira | does,/user/24/imce,1
Job Bank Services | does,/am/page/job-bank-services,12
Job Bank Services | does,/es/page/job-bank-services,3
Job Bank Services | does,/node/155012,3
Job Bank Services | does,/page/job-bank-services,574
"Job Search, Made Simple | does",/am/service/job-search-made-simple,8
"Job Search, Made Simple | does",/es/service/job-search-made-simple,5
"Job Search, Made Simple | does",/service/job-search-made-simple,928
Job Seekers | does,/am/page/job-seekers,11
Job Seekers | does,/es/page/job-seekers,5
Job Seekers | does,/page/job-seekers,6375
Kenneth Walker | does,/biography/kenneth-walker-0,1
Kenneth Walker | does,/biography/kenneth-walker-0-1,209
Korean (한국어) | does,/page/does-korean-한국어-1,25
Labor Market Growth Inches District of Columbia Unemployment Rate Up to 5.2% in March | does,/release/labor-market-growth-inches-district-columbia-unemployment-rate-52-march,1
Labor Market Information News Release Calendar | does,/node/184692,1
Labor Market Information News Release Calendar | does,/publication/labor-market-information-news-release-calendar,9
Labor Market Information News Release Calendar | does,/publication/labor-market-information-news-release-calendar-2018,1
Labor Market Information News Release Calendar | does,/publication/labor-market-information-news-release-calendar-2020,1
Labor Market Snap Shot | does,/node/184802,1
Labor Market Trends Newsletter Archive | does,/page/labor-market-trends-newsletter-archive,5
Labor Standards Bureau | does,/node/155712,135
Labor Standards Bureau | does,/page/labor-standards-bureau,150
Labor Standards/Worker Protection | does,/am/service/labor-standardsworker-protection,3
Labor Standards/Worker Protection | does,/service/labor-standardsworker-protection,849
Labor Statistics | does,/am/page/labor-statistics,10
Labor Statistics | does,/es/page/labor-statistics,5
Labor Statistics | does,/node/184472,1
Labor Statistics | does,/page/labor-statistics,1243
Labor Statistics Press Releases | does,/page/labor-statistics-press-releases,24
Labor Statistics Reports | does,/page/labor-statistics-reports,15
Latest Monthly Statistics | does,/node/184512,10
Latest Monthly Statistics | does,/page/latest-monthly-statistics,149
lauren.johnson | does,/users/laurenjohnson,2
Let AI Create Your Resume | does,/page/let-ai-create-your-resume,162
Liability Questions | does,/es/service/liability-questions,18
Liability Questions | does,/service/liability-questions,330
Local Job Training Quarterly Reports | does,/page/local-job-training-quarterly-reports,5
lynn.romano | does,/users/lynnromano,1
Marion Barry Youth Leadership Institute | does,/service/marion-barry-youth-leadership-institute,364
Marion Barry Youth Leadership Institute Hosts Youth Mayor Swear-In Ceremony | does,/release/marion-barry-youth-leadership-institute-hosts-youth-mayor-swear-ceremony,14
Marion S. Barry Summer Youth Employment Program - Host Site Information (Employers) | does,/service/marion-s-barry-summer-youth-employment-program-host-site-information-employers,138
Maximum-Minimum Compensation Rate/Supplemental Allowance | does,/node/183342,136
Maximum-Minimum Compensation Rate/Supplemental Allowance | does,/publication/maximum-minimum-compensation-ratesupplemental-allowance,350
Mayor Bowser and District Snow Team Demonstrate Winter Weather Preparedness With Annual Snow Dry Run | does,/release/mayor-bowser-and-district-snow-team-demonstrate-winter-weather-preparedness-annual-snow-dry,2
Mayor Bowser and Federal Partners to Hold Public Safety Briefing on NATO Summit Preparations | does,/release/mayor-bowser-and-federal-partners-hold-public-safety-briefing-nato-summit-preparations,1
Mayor Bowser Announces $11 Million Investment to Improve District’s Unemployment Insurance System and Deliver Additional Benefits | does,/release/mayor-bowser-announces-11-million-investment-improve-district-unemployment-insurance,3
"Mayor Bowser Announces Minimum Wage Increase Effective July 1, 2022 | does",/release/mayor-bowser-announces-minimum-wage-increase-effective-july-1-2022,1
"Mayor Bowser Announces Minimum Wage Increase Effective July 1, 2024 | does",/release/mayor-bowser-announces-minimum-wage-increase-effective-july-1-2024,3
Mayor Bowser Announces that All DC Government Employees Will Be Required to Get Vaccinated Against COVID-19 | does,/release/mayor-bowser-announces-all-dc-government-employees-will-be-required-get-vaccinated-against,1
"Mayor Bowser Encourages Residents to Attend Open Streets Georgia Avenue on Saturday, October 7 | does",/release/mayor-bowser-encourages-residents-attend-open-streets-georgia-avenue-saturday-october-7,4
Mayor Bowser Highlights Big Investments in Bringing Back Jobs | does,/release/mayor-bowser-highlights-big-investments-bringing-back-jobs,2
Mayor Bowser Highlights Pathways to Health Careers During Mayor Marion S. Barry Summer Youth Employment Program Launch | does,/release/mayor-bowser-highlights-pathways-health-careers-during-mayor-marion-s-barry-summer-youth,2
Mayor Bowser Invites Employers to Apply for Grants that Will Connect More DC Residents to Earn-and-Learn Opportunities | does,/release/mayor-bowser-invites-employers-apply-grants-will-connect-more-dc-residents-earn-and-learn,1
Mayor Bowser Kicks Off 46th Year of Iconic Mayor Marion S. Barry Summer Youth Employment Program  | does,/release/mayor-bowser-kicks-46th-year-iconic-mayor-marion-s-barry-summer-youth-employment-program ,10
Mayor Bowser Kicks Off Transformation of Spingarn High School Into New DC Infrastructure Academy | does,/release/mayor-bowser-kicks-transformation-spingarn-high-school-new-dc-infrastructure-academy,8
Mayor Bowser Launches AI-Driven Career Platform to Enhance Career Opportunities for Residents | does,/release/mayor-bowser-launches-ai-driven-career-platform-enhance-career-opportunities-residents,31
Mayor Bowser Launches Applications for the 2025 Mayor Marion S. Barry Summer Youth Employment Program | does,/release/mayor-bowser-launches-applications-2025-mayor-marion-s-barry-summer-youth-employment-program,4
"Mayor Bowser Launches Talent Capital, First-of-its-Kind Regional Workforce and Economic Development Initiative | does",/release/mayor-bowser-launches-talent-capital-first-its-kind-regional-workforce-and-economic,229
Mayor Bowser Opens Safe Commercial Corridor Hub in Anacostia | does,/release/mayor-bowser-opens-safe-commercial-corridor-hub-anacostia,3
Mayor Bowser to Highlight Pathways to Health Careers During Mayor Marion S. Barry Summer Youth Employment Program Launch | does,/release/mayor-bowser-highlight-pathways-health-careers-during-mayor-marion-s-barry-summer-youth,3
Mayor Bowser to Highlight Public Safety Preparations Ahead of July Fourth Weekend | does,/release/mayor-bowser-highlight-public-safety-preparations-ahead-july-fourth-weekend,1
Mayor Bowser to Launch Career Coach DC Program | does,/release/mayor-bowser-launch-career-coach-dc-program,2
Mayor Bowser to Visit a Department of Parks and Recreation Culinary Summer Camp | does,/release/mayor-bowser-visit-department-parks-and-recreation-culinary-summer-camp,1
Mayor Bowser Urges Residents to Take Advantage of Breast Cancer Screenings During Breast Cancer Awareness Month | does,/release/mayor-bowser-urges-residents-take-advantage-breast-cancer-screenings-during-breast-cancer,24
Mayor Marion S. Barry Summer Youth Employment Program | does,/am/service/mayor-marion-s-barry-summer-youth-employment-program,1
Mayor Marion S. Barry Summer Youth Employment Program | does,/service/mayor-marion-s-barry-summer-youth-employment-program,1726
Mayor Marion S. Barry Summer Youth Employment Program | does,/service/summer-youth-employment-program,223
MBSYEP 2025 CERTIFICATIONS TIMES AND LOCATIONS | does,/page/mbsyep-2025-certifications-times-and-locations,77
MBSYEP Reports | does,/page/mbsyep-reports,29
Media Inquiries | does,/fr/node/1336411,7
Media Inquiries | does,/page/media-inquiries-2,155
Medical Billing &Coding Specialist | does,/es/node/1745076,2
Medical Billing &Coding Specialist | does,/node/1745076,71
Medical Billing &Coding Specialist | does,/page/medical-billing-coding-specialist,486
Medical Report | does,/page/medical-report,94
Medicare Fee Schedule | does,/node/199832,11
Medicare Fee Schedule | does,/page/medicare-fee-schedule,302
Medstar Washington Hospital Center - Training Program | does,/es/node/1745166,25
Medstar Washington Hospital Center - Training Program | does,/node/1745166,689
Medstar Washington Hospital Center - Training Program | does,/page/medstar-washington-hospital-center-training-program,1420
melissa.daley | does,/users/melissadaley,6
Memo of Payment of Worker's Compensation | does,/page/memo-payment-workers-compensation,144
Migrant and Seasonal Farm Workers | does,/es/node/1515066,1
Migrant and Seasonal Farm Workers | does,/service/migrant-and-seasonal-farm-workers,35
Minimum Wage Poster Update Docs | does,/publication/minimum-wage-poster-update-docs,1
Modified District Government Services for 2021 Fourth of July | does,/release/modified-district-government-services-2021-fourth-july,2
Modified District Government Services for DC Emancipation Day | does,/release/modified-district-government-services-dc-emancipation-day,1
Modified District Government Services for Labor Day | does,/release/modified-district-government-services-labor-day-0a,2
Modified District Government Services for Veterans Day | does,/release/modified-district-government-services-veterans-day,5
Modified District Government Services for Veterans Day 2021 | does,/release/modified-district-government-services-veterans-day-2021,1
Modified District Government Services for Thanksgiving Day | does,/release/modified-district-government-services-2021-thanksgiving-day,1
Modified Government Services for Martin Luther King Jr.’s Birthday | does,/release/modified-district-government-services-for-martin-luther-king-jr-birthday-2022,1
"Modified  District Government Services for July 4, 2023 | does",/release/modified-district-government-services-july-4-2023,1
Modified District Government Services for Independence Day | does,/release/modified-district-government-services-for-independence-day,4
Modified District Government Services for DC Emancipation Day | does,/release/modified-district-government-services-emancipation-day-april-2025,1
Modified District Government Services for Labor Day | does,/release/modified district-government-services- labor-day,0
Modified District Government Services for Martin Luther King Jr. Day | does,/release/modified-district-government-services-martin-luther-king-jr-day,3
Modified District Government Services for Memorial Day | does,/release/modified-dc-government-services-memorial-day-2025,0
Mohammad Sheikh | does,/biography/mohammad-sheikh,78
Money Management Blueprint Workshop | does,/page/money-management-blueprint-workshop,2
Monnikka Madison | does,/biography/monnikka-madison,125
Monthly Snapshot | does,/publication/monthly-snapshot,42
Multi-Language Documents For Employees | does,/page/multi-language-documents-employees,2
"New American Job Centers Open in Southeast, Northeast DC | does",/release/new-american-job-centers-open-southeast-northeast-dc,111
New Labor Market Trends Newsletter | does,/page/new-labor-market-trends-newsletter,5
News Room | does,/newsroom,5307
News Room | Page 6 | does,/newsroom/press-releases,1
Nicole Chapple | does,/biography/nicole-chapple,98
"Non-Union Apprenticeship Sponsor List: ABC Non-Union, IEC Non-Union and Up to Date Non-Union | does",/node/194872,186
Notice of Final Payment of Compensation Payments | does,/page/notice-final-payment-compensation-payments,92
NOTICE OF FUNDING AVAILABILITY (NOFA) FISCAL YEAR 2021 (FY21) | does,/page/notice-funding-availability-nofa-fiscal-year-2021-fy21,6
Notice of Funding Availability for Paid Family Leave Research Opportunity | does,/node/1543141,4
Notice of Termination of Coverage (Rescinsion) | does,/node/293762,1
Notice of Termination of Coverage (Rescinsion) | does,/publication/notice-termination-coverage-rescinsion,18
Occupational Employment Statistics | does,/node/184572,1
Occupational Employment Statistics | does,/page/occupational-employment-statistics,91
Occupational Safety and Health | does,/am/service/occupational-safety-and-health,1
Occupational Safety and Health | does,/fr/service/occupational-safety-and-health,5
Occupational Safety and Health | does,/service/occupational-safety-and-health,254
Occupational Safety and Health FAQs - DOES | does,/node/200722,11
Occupational Safety and Health FAQs - DOES | does,/page/occupational-safety-and-health-faqs-does,34
Occupational Skills Training | does,/am/service/occupational-skills-training,1
Occupational Skills Training | does,/es/service/occupational-skills-training,6
Occupational Skills Training | does,/fr/service/occupational-skills-training,3
Occupational Skills Training | does,/service/occupational-skills-training,1385
Office of Equal Employment Opportunity | does,/es/page/office-equal-employment-opportunity,4
Office of Equal Employment Opportunity | does,/page/office-equal-employment-opportunity,440
Office of First Source Compliance | does,/am/page/office-of-first-source-employment-program,1
Office of First Source Compliance | does,/es/page/office-of-first-source-employment-program,14
Office of First Source Compliance | does,/page/office-of-first-source-employment-program,1850
Office of First Source Compliance | does,/service/office-first-source-compliance,167
Office of Talent & Client Services | does,/am/page/office-talent-client-services,2
Office of Talent & Client Services | does,/es/page/office-talent-client-services,7
Office of Talent & Client Services | does,/page/office-talent-client-services,1439
Office of Unemployment Compensation - UI Tax Division Forms | does,/page/office-unemployment-compensation-ui-tax-division-forms,757
Office of Wage Hour Partnerships | does,/page/office-wage-hour-partnerships,3
Office of Wage-Hour Compliance | does,/am/node/1412291,2
Office of Wage-Hour Compliance | does,/es/node/1412291,14
Office of Wage-Hour Compliance | does,/fr/node/1412291,4
Office of Wage-Hour Compliance | does,/node/1412291,1
Office of Wage-Hour Compliance | does,/service/office-wage-hour-compliance-0,7668
Office of Wage-Hour Education and Enforcement | does,/page/office-wage-hour-education-and-enforcement,142
Office of Wage-Hour for Employees | does,/page/office-wage-hour-employees,3330
Office of Wage-Hour for Employers | does,/page/office-wage-hour-employers,1922
OJT Program Details | does,/page/ojt-program-details,436
On The Job Training | does,/node/1213321,41
On The Job Training | does,/page/job-training,1831
On The Job Training | does,/page/job-training/,1
Online Services | does,/online-services,19
Open Government and FOIA - DOES | does,/am/page/foia-requests-does,1
Open Government and FOIA - DOES | does,/page/foia-requests-does,266
OSHA UPDATE: NEW REPORTING REQUIREMENTS START JANUARY 1. | does,/page/osha-update-new-reporting-requirements-start-january-1,13
Out-of-School Program | does,/am/service/out-school-program,3
Out-of-School Program | does,/service/out-school-program,794
OWC 8 Employer's First Report of Injury or Occupational Disease | does,/node/183252,11
OWC 8 Employer's First Report of Injury or Occupational Disease | does,/publication/owc-8-employers-first-report-injury-or-occupational-disease,367
OWC Attorney Fees Schedule | does,/page/owc-attorney-fees-schedule,99
OWC Premium Surcharge Rate | does,/node/230392,3
OWC Premium Surcharge Rate | does,/page/owc-premium-surcharge-rate,1010
OWC Quarterly Premium Surcharge Payment Form | does,/node/183282,8
OWC Quarterly Premium Surcharge Payment Form | does,/publication/owc-quarterly-premium-surcharge-payment-form,50
Paid Family Leave Employee Notice | does,/node/1470351,59
Paid Family Leave Employee Notice | does,/publication/2020-paid-family-leave-employee-notice,1
Paid Family Leave Employee Notice | does,/publication/paid-family-leave-employee-notice,182
Paid Family Leave Quarterly Progress Report | does,/page/paid-family-leave-quarterly-progress-report,19
Paid Family Leave Regulations | does,/page/paid-family-leave-regulations,133
parrish.schoon | does,/users/parrishschoon,9
Pathways for Young Adults Program | does,/am/service/pathways-young-adults-0,4
Pathways for Young Adults Program | does,/fr/service/pathways-young-adults-0,5
Pathways for Young Adults Program | does,/service/pathways-young-adults-0,718
Pathways to Public Service Program - Available Positions | does,/page/hbcu-public-service-program-available-positions,1
Pathways to Public Service Program - Available Positions | does,/page/pathways-public-service-program-available-positions,465
Patient Care Technician | does,/es/node/1745081,6
Patient Care Technician | does,/node/1745081,50
Patient Care Technician | does,/page/patient-care-technician,585
Performance Reports | does,/am/node/1337856,5
Performance Reports | does,/es/node/1337856,1
Performance Reports | does,/page/data-performance-reports,1
Performance Reports | does,/page/performance-reports,171
PFL - Report Documents | does,/publication/pfl-report-documents,1
Pharmacy Technician | does,/node/1745111,53
Pharmacy Technician | does,/page/pharmacy-technician-00,788
Phlebotomy Technician | does,/es/node/1745086,2
Phlebotomy Technician | does,/node/1745086,68
Phlebotomy Technician | does,/page/phlebotomy-technician,1144
Premium Surcharge Procedures | does,/node/192462,1
Premium Surcharge Procedures | does,/page/premium-surcharge-procedures,98
Program Applicant FAQs | does,/page/program-applicant-faqs-0,1
Program Applicant FAQs | does,/page/project-empowerment-program-applicant-faqs,761
Program Model - DCAHC | does,/es/node/1745336,1
Program Model - DCAHC | does,/node/1745336,7
Program Model - DCAHC | does,/service/program-model-dcahc,243
Project Empowerment Program | does,/am/service/project-empowerment-program,14
Project Empowerment Program | does,/node/107122,7
Project Empowerment Program | does,/service/project-empowerment-program,3464
Project Empowerment Program | does,/service/project-empowerment-program/,1
Public Notice to District of Columbia Employers And Employees for Paid Family Leave | does,/page/public-notice-district-columbia-employers-and-employees-paid-family-leave,23
Publications | does,/publications,79
Quarterly Research Snapshot | does,/node/1740021,8
Quarterly Research Snapshot | does,/page/quarterly-research-snapshot,39
Radiologic Technologist | does,/es/node/1745096,2
Radiologic Technologist | does,/node/1745096,112
Radiologic Technologist | does,/page/radiologic-technologist,970
Rapid Response | does,/am/page/benefit-employers-rapid-response,1
Rapid Response | does,/am/page/rapid-response,1
Rapid Response | does,/es/page/rapid-response,12
Rapid Response | does,/es/page/rapid-response-benefit-workers,1
Rapid Response | does,/node/155062,1
Rapid Response | does,/page/benefit-employers-rapid-response,21
Rapid Response | does,/page/program-details-rapid-resonse,41
Rapid Response | does,/page/rapid-response,395
Rapid Response | does,/page/rapid-response-benefit-workers,52
Registered Nurse | does,/es/node/1745131,11
Registered Nurse | does,/node/1745131,84
Registered Nurse | does,/page/registered-nurse,582
Registration Questions | does,/am/service/registration-questions,6
Registration Questions | does,/es/service/registration-questions,1
Registration Questions | does,/fr/service/registration-questions,7
Registration Questions | does,/service/registration-questions,471
Repeats | does,/node/1162067/repeats,1
Repeats | does,/node/1162072/repeats,2
Repeats | does,/node/1271891/repeats,1
Repeats | does,/node/1477146/repeats,1
Repeats | does,/node/1502536/repeats,1
Repeats | does,/node/961162/repeats,1
Repeats | does,/node/999392/repeats,1
Reporting Questions | does,/am/service/reporting-questions,8
Reporting Questions | does,/es/service/reporting-questions,33
Reporting Questions | does,/node/157172,6
Reporting Questions | does,/service/reporting-questions,525
Reset password | does,/user/reset/76216/1762177863/confirm,1
Reset password | does,/user/reset/76216/1762979171/confirm,1
Reset password | does,/user/reset/76216/1763063940/confirm,1
Reset password | does,/user/reset/76216/1763509397/confirm,1
Reset password | does,/user/reset/76216/1765396235/confirm,1
Resources for Impacted Federal Workers | does,/page/resources-impacted-federal-workers,5661
Resumes and Cover Letters | does,/page/resumes-and-cover-letters,381
RFA - FY25 Career Ready Early Scholars Program (CRESP) Grant | does,/publication/rfa-fy25-career-ready-early-scholars-program-cresp-grant,170
RFA - FY25 DOES College Fellowship Program Grant | does,/publication/rfa-fy25-does-college-fellowship-program-grant,174
RFA - FY25 Office of Youth Programs Research Grant | does,/publication/rfa-fy25-office-youth-programs-research-grant,116
RSS Feeds | DC,/rss,1
rui_footer | does,/rui_footer,6
rui_header | does,/rui_header,6
rui_header_responsive | does,/rui_header_responsive,7
Safe Workplace Program | does,/page/safe-workplace-program-0,1
Safe Workplace Program | does,/page/safe-workplace-program-updated,61
Sample Hazard Communication Program | does,/node/193792,7
Sample Hazard Communication Program | does,/publication/sample-hazard-communication-program,1
"Science, Technology, Engineering, and Mathematics (STEM) Occupational Projections, 2018-2028 – District of Columbia and Washington-Arlington-Alexandria, DC-VA-MD-WV Metropolitan Statistical Area | does",/node/1159540,1
"Science, Technology, Engineering, and Mathematics (STEM) Occupational Projections, 2018-2028 – District of Columbia and Washington-Arlington-Alexandria, DC-VA-MD-WV Metropolitan Statistical Area | does",/publication/science-technology-engineering-and-mathematics-stem-occupational-projections-2014-2024-–,1
"Science, Technology, Engineering, and Mathematics (STEM) Occupational Projections, 2018-2028 – District of Columbia and Washington-Arlington-Alexandria, DC-VA-MD-WV Metropolitan Statistical Area | does",/publication/science-technology-engineering-and-mathematics-stem-occupational-projections-2016-2026-–,1
"Science, Technology, Engineering, and Mathematics (STEM) Occupational Projections, 2018-2028 – District of Columbia and Washington-Arlington-Alexandria, DC-VA-MD-WV Metropolitan Statistical Area | does",/publication/science-technology-engineering-and-mathematics-stem-occupational-projections-2018-2028-–,5
Search | does,/search/node/service,1
Senior Community Service Employment Program | does,/am/page/senior-community-service-employment-program-new,2
Senior Community Service Employment Program | does,/am/service/senior-community-service-employment-program,3
Senior Community Service Employment Program | does,/es/page/senior-community-service-employment-program-howtoapply,1
Senior Community Service Employment Program | does,/fr/page/senior-community-service-employment-program-003,7
Senior Community Service Employment Program | does,/fr/page/senior-community-service-employment-program-new,7
Senior Community Service Employment Program | does,/fr/service/senior-community-service-employment-program,2
Senior Community Service Employment Program | does,/node/208892,1
Senior Community Service Employment Program | does,/page/senior-community-service-employment-program,193
Senior Community Service Employment Program | does,/page/senior-community-service-employment-program-003,115
Senior Community Service Employment Program | does,/page/senior-community-service-employment-program-howtoapply,22
Senior Community Service Employment Program | does,/page/senior-community-service-employment-program-new,9
Senior Community Service Employment Program | does,/page/senior-community-service-employment-program-scsep,1
Senior Community Service Employment Program | does,/service/senior-community-service-employment-program,441
Services | does,/es/services,1
Services | does,/services,7584
Services | does,/services/1000,6
Services | does,/services/Faith_Community.shtm,3
Services | does,/services/b2ZmaWNlLX,29
Services | does,/services/dc_schools.shtm,1
Services | does,/services/first_src.shtm,1
Services | does,/services/greenhouse,1
Services | does,/services/greenhouse inventories,1
Services | does,/services/lead-abatement-and-healthy-homes,1
Services | does,/services/office-wage-hour-compliance,29
Services | does,/services/session_trace/session_trace/aggregate,1
Services | does,/services/sum,5
Services | does,/services/summer-youth-employment-program,2
Services | does,/services/unemployment.shtm,1
Services | does,/services/utils/strings,1
Services | does,/services/worker.shtm,2
Services | Page 2 | does,"/services/""><script>alert(document.domain)</script>/services",10
Services | Page 2 | does,/services/common,1
Services | Page 2 | does,/services/employer-services,11
Services | Page 2 | does,/services/helper/phpinfo.php,7
Services | Page 2 | does,/services/office-wage-hour-compliance.,18
Services | Page 2 | does,/services/school_work.shtm,8
Services | Page 2 | does,/services/start-your-unemployment-compensation-process,2
Services | Page 2 | does,/services/tax_cre_info.shtm,6
Services | Page 2 | does,/services/unemployment-compensation,10
Services | Page 2 | does,/services/wkr_adj.shtm,5
Services | Page 2 | does,/services/wkr_comp.shtm,21
Services | Page 2 | does,/services/youth.shtm,1
Services | Page 2 | does,/services/youth_init.shtm,2
Services | Page 2 | does,/services/youth_rules.shtm,2
Services | Page 3 | does,/services/session_trace/ajax/jserrors/aggregate,1
Services | Page 3 | does,/services/welfare.shtm,4
SIDES E-Response | does,/es/page/sides-e-response,1
SIDES E-Response | does,/page/sides-e-response,915
SIDES E-Response | does,/page/sides-e-response/,19
SIDES E-Response Employer Fact Sheet | does,/page/sides-e-response-employer-fact-sheet,92
SIDES E-Response Process Overview | does,/page/sides-e-response-process-overview,140
Start Your Unemployment Compensation Process | does,/es/service/start-your-unemployment-compensation-process,57
Start Your Unemployment Compensation Process | does,/node/156922,2
Start Your Unemployment Compensation Process | does,/service/start-your-unemployment-compensation-process,10923
Statement on the State of the Union Address | does,/release/statement-state-union-address-0,1
Statement on Vendor Outage Impacting District of Columbia Paid Family Leave System and Virtual One-Stop | does,/release/statement-vendor-outage-impacting-district-columbia-paid-family-leave-system-and-virtual-one,1
Statistics for Employers | does,/node/154822,3
Statistics for Employers | does,/page/statistics-employers,9
Sterile Processing Technician | does,/es/node/1745121,2
Sterile Processing Technician | does,/node/1745121,159
Sterile Processing Technician | does,/page/sterile-processing-technician,1827
Surgical Technician | does,/es/node/1745126,7
Surgical Technician | does,/node/1745126,84
Surgical Technician | does,/page/surgical-technician,1130
Talent Tuesday and First Take Friday Opportunities | does,/node/1502696,2
Talent Tuesday and First Take Friday Opportunities | does,/page/talent-tuesday-and-first-take-friday-opportunities,37
Ta-Tanisha Wallace | does,/biography/ta-tanisha-wallace,23
Tax and Wage Reporting | does,/node/200672,41
Tax and Wage Reporting | does,/publication/tax-and-wage-reporting,10
Tax Rate Questions | does,/am/service/tax-rate-questions,2
Tax Rate Questions | does,/es/service/tax-rate-questions,16
Tax Rate Questions | does,/service/tax-rate-questions,661
The Conversation that Gets the Job (Interviewing Skills) Workshops | does,/node/1476126,321
The Conversation that Gets the Job (Interviewing Skills) Workshops | does,/page/conversation-gets-job-interviewing-skills-workshops,29
The current DC Apprenticeship Council members are as follows: | does,/page/current-dc-apprenticeship-council-members-are-follows,40
The Executive Building | does,/address/executive-building,1
The George Washington University Hospital Training Program | does,/es/node/1745151,30
The George Washington University Hospital Training Program | does,/node/1745151,227
The George Washington University Hospital Training Program | does,/page/george-washington-university-hospital-training-program,948
The Mayor's Opportunity Scholarship | does,/page/2018-abdool-s-akhran-scholarship-program,1
The Mayor's Opportunity Scholarship | does,/page/2019-mayors-opportunity-scholarship,1
The Mayor's Opportunity Scholarship | does,/page/mayors-opportunity-scholarship,181
The Mayor's Opportunity Scholarship | does,/page/mayors-opportunity-scholarship/,15
Tipped Workers Coordinating Council | does,/node/1538641,62
Tipped Workers Coordinating Council | does,/page/tipped-workers-coordinating-council,11
"To Give At Risk Residents a Fair Shot, Mayor Bowser Announces Launch of Office of Neighborhood Safety and Engagement’s 7th Pathways Program Cohort | does",/release/give-risk-residents-fair-shot-mayor-bowser-announces-launch-office-neighborhood-safety-and,1
tonyea.tharpe | does,/users/tonyeatharpe,2
Top 200 Employers 2022 | does,/publication/top-200-employers-2022,1058
Trade Adjustment Assistance | does,/am/service/trade-adjustment-assistance,2
Trade Adjustment Assistance | does,/es/service/trade-adjustment-assistance,3
Trade Adjustment Assistance | does,/fr/page/how-apply2,1
Trade Adjustment Assistance | does,/page/how-apply2,15
Trade Adjustment Assistance | does,/service/trade-adjustment-assistance,101
Training Partnerships for DCAHC | does,/es/node/1745341,13
Training Partnerships for DCAHC | does,/node/1745341,165
Training Partnerships for DCAHC | does,/service/training-partnerships-dcahc,704
Trinity Washington University - Training Program | does,/es/node/1745171,15
Trinity Washington University - Training Program | does,/node/1745171,398
Trinity Washington University - Training Program | does,/page/trinity-washington-university-training-program,777
TWCC Meeting | does,/page/twcc-meeting,0
UI Tax for Employers | does,/am/page/ui-tax-employers,6
UI Tax for Employers | does,/es/page/ui-tax-employers,18
UI Tax for Employers | does,/fr/page/ui-tax-employers,4
UI Tax for Employers | does,/page/ui-tax-employers,3376
UI Taxes | does,/am/page/ui-taxes,2
UI Taxes | does,/es/page/ui-taxes,3
UI Taxes | does,/node/154792,1
UI Taxes | does,/page/ui-taxes,1583
Unemployment Alert | does,/alert/unemployment-alert,17
Unemployment Compensation | does,/am/page/unemployment-compensation,119
Unemployment Compensation | does,/es/page/unemployment-compensation,9
Unemployment Compensation | does,/page/unemployment-compensation,13453
Unemployment Compensation Claims Data | does,/publication/unemployment-compensation-claims-data,20
Unemployment Compensation for Former Federal Employees | does,/service/unemployment-compensation-former-federal-employees,1910
Unemployment Data for DC Wards | does,/page/unemployment-data-dc-wards,200
Unemployment Insurance Benefits Systems Modernization | does,/am/node/1699596,9
Unemployment Insurance Benefits Systems Modernization | does,/service/unemployment-insurance-benefits-systems-modernization,5214
Union Apprenticeship Sponsor List | does,/node/194832,225
Union Apprenticeship Sponsor List | does,/publication/union-apprenticeship-sponsor-list,1
User account | does,/user,105
User account | does,/user/password,9
Utility Workforce Training Coming to D.C. | does,/release/utility-workforce-training-coming-dc,6
Vanessa Weatherington | does,/biography/vanessa-weatherington,18
Vendor Outage Impacts District of Columbia Paid Family Leave System and Virtual One-Stop | does,/release/vendor-outage-impacts-district-columbia-paid-family-leave-system-and-virtual-one-stop,3
Veteran Services | does,/am/service/veteran-services,1
Veteran Services | does,/service/veteran-services,65
Veterans | does,/am/service/veterans,2
Veterans | does,/service/veterans,370
Victor Robertson | does,/biography/victor-robertson,106
Vietnamese (Tiếng Việt) | does,/page/does-vietnamese-tiếng-việt-1,32
Wage & Hour Reports | does,/page/wage-hour-reports,22
WAGE AND HOUR PUBLIC NOTICE | does,/page/wage-and-hour-public-notice,97
Wage Schedule | does,/page/wage-schedule,158
Walk for Workforce Highlights Community in Ward 7 and Throughout District | does,/release/walk-workforce-highlights-community-ward-7-and-throughout-district,3
Washington Metro Unemployment Rate at 5.7 percent | does,/release/washington-metro-unemployment-rate-57-percent,1
Washington Metro Unemployment Rate at 5.8 Percent | does,/release/washington-metro-unemployment-rate-58-percent,1
Washington Metro’s Unemployment Rate at 2.6 percent | does,/release/washington-metro’s-unemployment-rate-26-percent,1
Washington Metro’s Unemployment Rate at 2.7 Percent | does,/release/washington-metro’s-unemployment-rate-27-percent,1
Washington Metro’s Unemployment Rate at 2.8 percent | does,/release/washington-metro’s-unemployment-rate-28-percent-0,2
Washington Metro’s Unemployment Rate at 2.8% | does,/release/washington-metro’s-unemployment-rate-28-0,1
Washington Metro’s Unemployment Rate at 2.9 percent | does,/release/washington-metro’s-unemployment-rate-29-percent-1,0
Washington Metro’s Unemployment Rate at 3.0 Percent | does,/release/washington-metro’s-unemployment-rate-30-percent,1
Washington Metro’s Unemployment Rate at 3.2 percent | does,/release/washington-metro’s-unemployment-rate-32-percent-2,2
Washington Metro’s Unemployment Rate at 3.2 percent | does,/release/washington-metro’s-unemployment-rate-32-percent-3,1
Washington Metro’s Unemployment Rate at 3.2% | does,/release/washington-metro’s-unemployment-rate-32,6
Washington Metro’s Unemployment Rate at 3.3 Percent | does,/release/washington-metro’s-unemployment-rate-33-percent-0,1
Washington Metro’s Unemployment Rate at 3.3 percent | does,/release/washington-metro’s-unemployment-rate-33-percent1,0
Washington Metro’s Unemployment Rate at 3.5 Percent | does,/release/washington-metro’s-unemployment-rate-35-percent,1
Washington Metro’s Unemployment Rate at 3.5 Percent | does,/release/washington-metro’s-unemployment-rate-35-percent-0,1
Washington Metro’s Unemployment Rate at 3.6% | does,/release/washington-metro’s-unemployment-rate-36,3
Washington Metro’s Unemployment Rate at 4.2 percent | does,/release/washington-metro’s-unemployment-rate-42-percent,4
Washington Metro’s Unemployment Rate at 4.3 percent | does,/release/washington-metro’s-unemployment-rate-43-percent,3
Washington Metro’s Unemployment Rate at 4.5 percent | does,/node/1777951,3
Washington Metro’s Unemployment Rate at 4.5 percent | does,/node/1789371,4
Washington Metro’s Unemployment Rate at 4.5 percent | does,/release/washington-metro’s-unemployment-rate-45-percent,8
Washington Metro’s Unemployment Rate at 4.5 percent | does,/release/washington-metro’s-unemployment-rate-45-percent-0,11
Washington Metro’s Unemployment Rate at 4.5 percent | does,/release/washington-metro’s-unemployment-rate-45-percent-1,13
Washington Metro’s Unemployment Rate at 4.8 percent | does,/release/washington-metro’s-unemployment-rate-48-percent,0
Washington Metro’s Unemployment Rate at 4.9 percent | does,/release/washington-metro’s-unemployment-rate-49-percent,1
Washington Metro’s Unemployment Rate at 4.9 percent | does,/release/washington-metro’s-unemployment-rate-49-percent-0,1
Washington Metro’s Unemployment Rate at 5.0 percent | does,/release/washington-metro’s-unemployment-rate-50-percent,1
Washington Metro’s Unemployment Rate at 5.0 percent | does,/release/washington-metro’s-unemployment-rate-50-percent-0a,22
Washington Metro’s Unemployment Rate at 5.1 percent | does,/release/washington-metro’s-unemployment-rate-51-percent,114
Washington Metro’s Unemployment Rate at 5.6 Percent | does,/release/washington-metro’s-unemployment-rate-56-percent-0,1
Washington Metro’s Unemployment Rate at 5.6 Percent | does,/release/washington-metro’s-unemployment-rate-56-percent-1,9
Washington Metro’s Unemployment Rate at 5.6 Percent | does,/release/washington-metro’s-unemployment-rate-56-percent-1a,531
Washington Metro’s Unemployment Rate at 6.1 percent | does,/release/washington-metro’s-unemployment-rate-61-percent,1
"Washington Metropolitan Division’s Unemployment Rate at 2.7 Percent, Remains Steady Since November 2023 | does",/release/washington-metro’s-unemployment-rate-27-1percent,2
"Washington, DC's Hot 50 Jobs | does",/page/washington-dcs-hot-50-jobs,1594
"Washington, DC's Top 20 Gateway Jobs | does",/page/washington-dcs-top-20-gateway-jobs,13
Washington-Arlington-Alexandria DC-VA-MD-WV Metropolitan Statistical Area Long-Term Industry and Occupational Projections | does,/node/184892,9
Washington-Arlington-Alexandria DC-VA-MD-WV Metropolitan Statistical Area Long-Term Industry and Occupational Projections | does,/publication/washington-arlington-alexandria-dc-va-md-wv-metropolitan-statistical-area-long-term,15
Webinars | does,/page/webinars-2,23
What are the functions of the DC Apprenticeship Council? | does,/page/what-are-functions-dc-apprenticeship-council,22
What Is Unemployment Insurance Fraud? | does,/am/page/what-unemployment-insurance-fraud,1
What Is Unemployment Insurance Fraud? | does,/es/page/what-unemployment-insurance-fraud,34
What Is Unemployment Insurance Fraud? | does,/fr/page/what-unemployment-insurance-fraud,3
What Is Unemployment Insurance Fraud? | does,/node/224142,1
What Is Unemployment Insurance Fraud? | does,/page/what-unemployment-insurance-fraud,392
Work Experience (WEX) | does,/service/work-experience-wex,151
Work Opportunity Tax Credit - Eligible Target Groups | does,/es/page/eligible-target-group-workopp,1
Work Opportunity Tax Credit - Eligible Target Groups | does,/page/eligible-target-group-workopp,27
Work Opportunity Tax Credit - How To Apply | does,/page/work-opportunity-tax-credit-apply,1
Work Opportunity Tax Credit - How To Apply | does,/page/work-opportunity-tax-credit-new-how,62
Work Opportunity Tax Credit - Program Updates | does,/page/work-opportunity-tax-credit-002,1
Work Opportunity Tax Credit - Program Updates | does,/page/work-opportunity-tax-credit-new,59
Work Opportunity Tax Credit | does,/es/page/work-opportunity-tax-credit,2
Work Opportunity Tax Credit | does,/fr/page/work-opportunity-tax-credit,2
Work Opportunity Tax Credit | does,/node/155162,4
Work Opportunity Tax Credit | does,/page/work-opportunity-tax-credit,284
Workers' Compensation - DOES | does,/am/page/workers-compensation-does,10
Workers' Compensation - DOES | does,/es/page/workers-compensation-does,18
Workers' Compensation - DOES | does,/node/156082,38
Workers' Compensation - DOES | does,/page/workers-compensation-does,5534
Workers' Compensation - DOES | does,/page/workers-compensation-does/,2
Workers' Compensation FAQs - DOES | does,/node/192372,12
Workers' Compensation FAQs - DOES | does,/page/workers-compensation-faqs-does,246
Workers’ Compensation Legal Process General Information | does,/node/1634631,56
Workers’ Compensation Legal Process General Information | does,/page/workers’-compensation-legal-process-general-information,284
Workforce Innovation and Opportunity Act (WIOA) | does,/am/page/workforce-innovation-and-opportunity-act-wioa,2
Workforce Innovation and Opportunity Act (WIOA) | does,/page/workforce-innovation-and-opportunity-act-wioa,1137
Workforce on Wheels | does,/es/service/workforce-wheels,1
Workforce on Wheels | does,/page/workforce-wheels,139
Workforce on Wheels | does,/service/workforce-wheels,44
Workforce Wednesdays | does,/page/workforce-wednesdays,11
WOTC Modernization | does,/page/wotc-modernization,36
You're Hired! How to Keep Your Job Workshop | does,/page/your-hired-how-keep-your-job-workshop,1
You're Hired! How to Keep Your Job Workshop | does,/page/youre-hired-how-keep-your-job-workshop,1
Youth Services | does,/am/service/youth-services,1
Youth Services | does,/fr/service/youth-services,2
Youth Services | does,/service/youth-services,4454
Youth Services | does,/service/youth-services/,69
